,Domain,Career,,,,,Interest,,,,,,Mapping Logic - MBTI,,
,,,,,,,Realistic,Investigative,Artistic,Social,Enterprising,Conventional,,,
,,,Professional/Vocational,Unique ID,Interest score,Total,"Give the Score
(Low-0, Medium-1, High-2)","Give the Score
(Low-0, Medium-1, High-2)","Give the Score
(Low-0, Medium-1, High-2)","Give the Score
(Low-0, Medium-1, High-2)","Give the Score
(Low-0, Medium-1, High-2)","Give the Score
(Low-0, Medium-1, High-2)",,,
,,,,,,,,,,,,,,,
,Candidate Scores,,,,,,8,7,6,8,7,8,,,
1,Agriculture & Related,,,AGR000,3.19,3.19,1.209677419,0.677419355,0,0.225806452,0.322580645,0.564516129,,,
,,Agricultural Engineer,Professional,AGR001,3.06,3.06,1,1.5,0,0,0.5,0,,,
,,Food Technologist,Professional,AGR002,3.13,3.13,1.5,1,0,0,0.5,0,,,
,,Civil Engineer - Irrigation,Professional,AGR003,3.13,3.13,1.5,1,0,0,0.5,0,,,
,,Chemical Engineer - Fertilizers,Professional,AGR004,3.06,3.06,1,1.5,0,0,0.5,0,,,
,,,,,,,,,,,,,,,
,,Agriculture Engineering Technician,Professional,AGR005,3.19,3.19,1.5,1,0,0,0,0.5,,,
,,Diary Maintanance Mechanic,Vocational,AGR006,3.26,3.26,1.5,0.5,0,0,0,1,,,
,,Solar Pump Technician,Vocational,AGR007,3.26,3.26,1.5,0.5,0,0,0,1,,,
,,Micro Irrigation Technician,Vocational,AGR008,3.26,3.26,1.5,0.5,0,0,0,1,,,
,,Agronomy and Forestry Technician,Vocational,AGR009,3.26,3.26,1.5,0.5,0,0,0,1,,,
,,Artificial-breeding Technician,Vocational,AGR010,3.26,3.26,1.5,0.5,0,0,0,1,,,
,,,,,,,,,,,,,,,
,,Agriculture Extension Supervisor,Professional,AGR011,3.13,3.13,0.5,0,0,1,1.5,0,,,
,,Agriculture Extension Service Provider,Professional,AGR012,3.33,3.33,1,0,0,2,0,0,,,
,,Agriculture Officer - Banking,Professional,AGR013,3.33,3.33,0.5,0,0,2,0,0.5,,,
,,,,,,,,,,,,,,,
,,Poultry Scientist,Professional,AGR014,3.06,3.06,1,2,0,0,0,0,,,
,,Agronomist,Professional,AGR015,3.06,3.06,1,2,0,0,0,0,,,
,,Diary Scientist,Professional,AGR016,3.06,3.06,1,2,0,0,0,0,,,
,,Pisciculturist ,Professional,AGR017,3.06,3.06,1,2,0,0,0,0,,,
,,Soil Scientist,Professional,AGR018,3.06,3.06,1,2,0,0,0,0,,,
,,,,,,,,,,,,,,,
,,Cultivator,Professional,AGR019,3.26,3.26,1.5,0,0,0,0.5,1,,,
,,Diary Farmer,Vocational,AGR020,3.26,3.26,1.5,0,0,0,0.5,1,,,
,,Poultry Farmer,Vocational,AGR021,3.26,3.26,1.5,0,0,0,0.5,1,,,
,,Aquaculturist,Professional,AGR022,3.26,3.26,1.5,0,0,0,0.5,1,,,
,,Sericulturist,Professional,AGR023,3.26,3.26,1.5,0,0,0,0.5,1,,,
,,,,,,,,,,,,,,,
,,Agricultural Inspector,Professional,AGR024,3.33,3.33,1,0,0,0,0,2,,,
,,Fisheries Inspector,Professional,AGR025,3.33,3.33,1,0,0,0,0,2,,,
,,,,,,,,,,,,,,,
,,Forest Guard,Professional,AGR026,3.33,3.33,1.5,0,0,1,0,0.5,,,
,,,,,,,,,,,,,,,
,,Farm Supervisor,Professional,AGR027,3.06,3.06,0.5,0,0,0,2,0.5,,,
,,Farm Manager,Professional,AGR028,3.06,3.06,0.5,0,0,0,2,0.5,,,
,,,,,,,,,,,,,,,
,,Veterinarian,Professional,AGR029,3.13,3.13,1,1.5,0,0.5,0,0,,,
,,Veterinary Assistant,Vocational,AGR030,3.26,3.26,2,0.5,0,0.5,0,0,,,
,,,,,,,,,,,,,,,
,,Soil Laboratory Assistant,Vocational,AGR031,3.26,3.26,1.5,0.5,0,0,0,1,,,
,,,,,,,,,,,,,,,
2,Armed Forces & Central Police,,,AFC000,3.16,3.16,1.104166667,0.458333333,0.020833333,0.208333333,0.770833333,0.4375,,,
,,Air Force,,,,,,,,,,,,,
,,Flying Officier (Fighter Pilot/ Helicoptor and Transport Pilot),Professional,AFC001,3.13,3.13,1.5,1,0,0,0.5,0,,,
,,,,,,,,,,,,,,,
,,Officer (Ground Duty - Administrative) ,Professional,AFC002,3.19,3.19,1.5,0,0,0,1,0.5,,,
,,,,,,,,,,,,,,,
,,Officer (Ground Duty - Technical),Professional,AFC003,3.06,3.06,1,1.5,0,0,0.5,0,,,
,,,,,,,,,,,,,,,
,,Airmen(Group X - Technical),Professional,AFC004,3.19,3.19,1.5,1,0,0,0,0.5,,,
,,Navy,,,,,,,,,,,,,
,,Naval Officer (Engineering),Professional,AFC005,3.06,3.06,1,1.5,0,0,0.5,0,,,
,,Naval Officer (Aviation),Professional,AFC006,3.13,3.13,1.5,1,0,0,0.5,0,,,
,,,,,,,,,,,,,,,
,,Naval Officer (Logistics),Professional,AFC007,3.19,3.19,1.5,0,0,0,1,0.5,,,
,,Naval Officer (Hydrographics),Professional,AFC008,3.06,3.06,1,1.5,0,0,0.5,0,,,
,,,,,,,,,,,,,,,
,,Sailor,Professional,AFC009,3.33,3.33,1.5,0,0,0.5,0,1,,,
,,Army,,,,,,,,,,,,,
,,Officer - Infantry,Professional,AFC010,3.13,3.13,1,0,0,0.5,1.5,0,,,
,,Officer - Artillery,Professional,AFC011,3.13,3.13,1,0,0,0.5,1.5,0,,,
,,Officer - Armoured Corps,Professional,AFC012,3.13,3.13,1,0,0,0.5,1.5,0,,,
,,,,,,,,,,,,,,,
,,Officer - Technical,Professional,AFC013,3.06,3.06,1,1.5,0,0,0.5,0,,,
,,Officer - Military Police,Professional,AFC014,3.13,3.13,1,0,0,0.5,1.5,0,,,
,,Officer - Intelligence,Professional,AFC015,2.85,2.85,0,1,0.5,0,1.5,0,,,
,,,,,,,,,,,,,,,
,,Havildar,Professional,AFC016,3.13,3.13,1,0,0,0.5,1.5,0,,,
,,Soldier,Professional,AFC017,3.33,3.33,1,0,0,0.5,0,1.5,,,
,,Soldier - Technical,Vocational,AFC018,3.19,3.19,1.5,1,0,0,0,0.5,,,
,,,,,,,,,,,,,,,
,,CRPF,,,,,,,,,,,,,
,,Constable,Vocational,AFC019,3.33,3.33,1.5,0,0,0.5,0,1,,,
,,Inspector,Professional,AFC020,3.13,3.13,0.5,0,0,0,1.5,1,,,
,,,,,,,,,,,,,,,
,,BSF,,,,,,,,,,,,,
,,Constable,Vocational,AFC021,3.33,3.33,1.5,0,0,0.5,0,1,,,
,,Inspector,Professional,AFC022,3.13,3.13,0.5,0,0,0,1.5,1,,,
,,,,,,,,,,,,,,,
,,ITBP,,,,,,,,,,,,,
,,Constable,Vocational,AFC023,3.33,3.33,1.5,0,0,0.5,0,1,,,
,,Inspector,Professional,AFC024,3.13,3.13,0.5,0,0,0,1.5,1,,,
,,,,,,,,,,,,,,,
3,"Arts, Design, Creative",,,ADC000,2.82,2.82,0.695652174,0.195652174,1.543478261,0.086956522,0.434782609,0.043478261,,,
,,Architect,Professional,ADC001,2.78,2.78,0.5,1,1.5,0,0,0,,,
,,,,,,,,,,,,,,,
,,Fashion Designer,Professional,ADC002,2.85,2.85,1,0,1.5,0,0.5,0,,,
,,Footwear Designer,Professional,ADC003,2.85,2.85,1,0,1.5,0,0.5,0,,,
,,Textile Designers,Professional,ADC004,2.85,2.85,1,0,1.5,0,0.5,0,,,
,,,,,,,,,,,,,,,
,,Furniture Designer,Professional,ADC005,2.99,2.99,1.5,0,1,0,0.5,0,,,
,,,,,,,,,,,,,,,
,,Gemologist,Professional,ADC006,2.99,2.99,1,1.5,0.5,0,0,0,,,
,,Jewellery Designer,Professional,ADC007,2.85,2.85,1,0,1.5,0,0.5,0,,,
,,,,,,,,,,,,,,,
,,Graphics Designer,Professional,ADC008,2.64,2.64,0,0,2,0,1,0,,,
,,,,,,,,,,,,,,,
,,Interior Designer,Professional,ADC009,2.64,2.64,0,0,2,0,1,0,,,
,,,,,,,,,,,,,,,
,,Illustrator,Professional,ADC010,2.64,2.64,0,0,2,0,1,0,,,
,,Film Animator,Vocational,ADC011,2.64,2.64,0,0.5,2,0,0.5,0,,,
,,,,,,,,,,,,,,,
,,Photographer,Vocational,ADC012,3.06,3.06,2,0,1,0,0,0,,,
,,,,,,,,,,,,,,,
,,Product Designer,Professional,ADC013,2.99,2.99,1.5,0.5,1,0,0,0,,,
,,,,,,,,,,,,,,,
,,User Experience Designer,Professional,ADC014,2.71,2.71,0,1,1.5,0,0.5,0,,,
,,,,,,,,,,,,,,,
,,Painter,Vocational,ADC015,2.92,2.92,1,0,1.5,0,0,0.5,,,
,,,,,,,,,,,,,,,
,,Author,Professional,ADC016,2.78,2.78,0,0,2,1,0,0,,,
,,"Scriptwriter, Screenplay Writer",Professional,ADC017,2.71,2.71,0,0,2,0.5,0.5,0,,,
,,Advertising Copywriter,Professional,ADC018,2.71,2.71,0,0,2,0.5,0.5,0,,,
,,,,,,,,,,,,,,,
,,Videography,Vocational,ADC019,3.06,3.06,2,0,1,0,0,0,,,
,,,,,,,,,,,,,,,
,,Sculptor,Professional,ADC020,2.92,2.92,1,0,1.5,0,0,0.5,,,
,,,,,,,,,,,,,,,
,,Singer - Classical Indian,Vocational,ADC021,2.64,2.64,0,0,2,0,1,0,,,
,,,,,,,,,,,,,,,
,,Actor (Film & Stage),Vocational,ADC022,2.64,2.64,0,0,2,0,1,0,,,
,,,,,,,,,,,,,,,
,,Musical Instrument Maker,Vocational,ADC023,2.99,2.99,1.5,0,1,0,0.5,0,,,
,,,,,,,,,,,,,,,
4,Banking & Finance,,,BFS000,3.09,3.09,0.045454545,0.431818182,0.136363636,0.522727273,0.840909091,1,#DIV/0!,,
,,,,,,,,,,,,,,,
,,Company Secretary,Professional,BFS001,3.19,3.19,0,0,0,0.5,1,1.5,,,
,,,,,,,,,,,,,,,
,,Cost Accountant,Professional,BFS002,3.13,3.13,0,1,0,0,0.5,1.5,,,
,,Accountant,Professional,BFS003,2.71,2.71,0,0.5,0,0.5,0,1.5,,,
,,Financial Planners,Professional,BFS004,2.99,2.99,0,0,0.5,0,1.5,1,,,
,,Actuary,Professional,BFS005,3.13,3.13,0,1,0,0,0.5,1.5,,,
,,Tax consultant,Professional,BFS006,2.99,2.99,0,0,0.5,0,1.5,1,,,
,,Auditor,Professional,BFS007,3.13,3.13,0,1,0,0,0.5,1.5,,,
,,Budget Analyst,Professional,BFS008,3.13,3.13,0,1.5,0,0,0,1.5,,,
,,Cashier/Teller,Professional,BFS009,3.33,3.33,0,0,0,1,0,2,,,
,,Bank Clerk,Professional,BFS010,3.33,3.33,0,0,0,1,0,2,,,
,,Bank Probationary Officer,Professional,BFS011,3.13,3.13,0,0,0,0.5,1.5,1,,,
,,Insurance Officer,Professional,BFS012,3.06,3.06,0,0.5,0,1,1.5,0,,,
,,Insurance Agent,Professional,BFS013,3.13,3.13,0,0,0,1,1.5,0.5,,,
,,Bank Manager,Professional,BFS014,3.13,3.13,0,0,0,1,1.5,0.5,,,
,,Insurance Manager,Professional,BFS015,3.13,3.13,0,0,0,1,1.5,0.5,,,
,,,,,,,,,,,,,,,
,,DSA/Sales Executives,Professional,BFS016,3.13,3.13,0,0,0,1,1.5,0.5,,,
,,Stock Broker,Professional,BFS017,3.13,3.13,0,0,0,0.5,1.5,1,,,
,,Phone Banking Officer,Professional,BFS018,3.26,3.26,0,0,0,1,0.5,1.5,,,
,,,,,,,,,,,,,,,
,,Relationship Manager,Professional,BFS019,3.19,3.19,0,0,0,1.5,1,0.5,,,
,,,,,,,,,,,,,,,
,,Economist,Professional,BFS020,2.85,2.85,0,1.5,1,0,0,0.5,,,
,,Statistician,Professional,BFS021,2.85,2.85,0,1.5,1,0,0,0.5,,,
,,IT Officer - Banking,Professional,BFS022,3.06,3.06,1,1,0,0,1,0,,,
,,Private Secretary,Vocational,BFS023,,,,,,,,,,,
5,Building & Construction,,,CON000,3.11,3.11,1.075,0.1,0.35,0.15,0.825,0.5,#DIV/0!,,
,,Electrician (Self Employed),Vocational,CON001,3.19,3.19,1.5,0,0,0,1,0.5,,,
,,Carpenter ,Vocational,CON002,3.19,3.19,1.5,0,0,0,1,0.5,,,
,,Plumber,Vocational,CON003,3.26,3.26,2,0,0,0,0.5,0.5,,,
,,Crane Operator,Vocational,CON004,3.33,3.33,2,0,0,0,0,1,,,
,,Interior Designer,Professional,CON005,2.67,2.67,0.25,0,2,0,0.75,0,,,
,,Architect,Professional,CON006,2.78,2.78,0.5,1,1.5,0,0,0,,,
,,Supervisor/Foreman - Building Construction,Professional,CON007,3.13,3.13,1,0,0,0,1.5,0.5,,,
,,Surveyor,Vocational,CON008,3.33,3.33,1.5,0,0,0,0,1.5,,,
,,Real Estate Broker,Vocational,CON009,3.13,3.13,0,0,0,1,1.5,0.5,,,
,,Proprietor - Construction,Professional,CON010,3.06,3.06,0.5,0,0,0.5,2,0,,,
,,,,,,,,,,,,,,,
6,Clothing and Accessories,,,CLT000,3.04,3.04,1.142857143,0.285714286,0.571428571,0,0.714285714,0.285714286,,,
,,Textile Machine Operators,Vocational,CLT001,3.26,3.26,1.5,0.5,0,0,0,1,,,
,,Designer & Master Cutter,Vocational,CLT002,2.92,2.92,1,0,1,0,1,0,,,
,,Merchandiser,Professional,CLT003,2.85,2.85,0.5,0,1,0,1.5,0,,,
,,Textile Engineer,Professional,CLT004,3.13,3.13,1.5,1,0,0,0.5,0,,,
,,"Designer, Leather Articles",Professional,CLT005,2.85,2.85,1,0,1.5,0,0.5,0,,,
,,"Supervisor & Foreman, Leather Goods Making",Professional,CLT006,2.99,2.99,1,0,0.5,0,1.5,0,,,
,,"Machine Operator, Leather Industries",Vocational,CLT007,3.26,3.26,1.5,0.5,0,0,0,1,,,
,,,,,,,,,,,,,,,
7,Education & Training,,,EDU000,3.10,3.10,0.142857143,0.428571429,0.375,1.482142857,0.482142857,0.089285714,,,
,,,,,,,,,,,,,,,
,,"University and College Teacher, Arts Subjects",Professional,EDU001,3.19,3.19,0,0.5,0,2,0.5,0,,,
,,"University and College Teacher, Commerce Subjects",Professional,EDU002,3.19,3.19,0,0.5,0,2,0.5,0,,,
,,"University and College Teacher, Education",Professional,EDU003,3.13,3.13,0,0,0.5,2,0.5,0,,,
,,"University and College Teacher, Engineering",Professional,EDU004,3.19,3.19,0.5,1,0,1.5,0,0,,,
,,"University and College Teacher, Fine Arts",Professional,EDU005,2.85,2.85,0,0.5,1.5,1,0,0,,,
,,"University and College Teacher, Information Technology",Professional,EDU006,3.13,3.13,0,1,0,1.5,0.5,0,,,
,,"University and College Teacher, Law",Professional,EDU007,3.13,3.13,0,1,0,1.5,0.5,0,,,
,,"University and College Teacher, Management Subjects",Professional,EDU008,3.19,3.19,0,0.5,0,2,0.5,0,,,
,,"University and College Teacher, Medicine and Surgery",Professional,EDU009,3.19,3.19,0.5,1,0,1.5,0,0,,,
,,"University and College Teacher, Science Subjects",Professional,EDU010,3.19,3.19,0.5,1,0,1.5,0,0,,,
,,"University and College Teacher, Veterinary Science",Professional,EDU011,3.19,3.19,0.5,1,0,1.5,0,0,,,
,,,,,,,,,,,,,,,
,,Art & Crafts  Teacher,Professional,EDU012,2.92,2.92,0.5,0,1.5,1,0,0,,,
,,"Senior Secondary and Secondary School Teacher, Arts",Professional,EDU013,3.06,3.06,0,0,0.5,1.5,1,0,,,
,,"Senior Secondary and Secondary School Teacher, Commerce",Professional,EDU014,3.06,3.06,0,0,0.5,1.5,1,0,,,
,,"Senior Secondary and Secondary School Teacher, Science",Professional,EDU015,3.06,3.06,0,0,0.5,1.5,1,0,,,
,,,,,,,,,,,,,,,
,,Primary School Teacher,Professional,EDU016,3.13,3.13,0,0,0.5,2,0.5,0,,,
,,,,,,,,,,,,,,,
,,Teacher Pre-Primary,Vocational,EDU017,3.06,3.06,0,0,1,2,0,0,,,
,,,,,,,,,,,,,,,
,,Teacher for Differently-Abled (Mental),Professional,EDU018,2.99,2.99,0,0,1,1.5,0.5,0,,,
,,Teacher for Differently-Abled (Physical),Professional,EDU019,2.99,2.99,0,0,1,1.5,0.5,0,,,
,,,,,,,,,,,,,,,
,,Headmaster,Professional,EDU020,3.13,3.13,0,0,0,1,1.5,0.5,,,
,,"Principal, College",Professional,EDU021,3.19,3.19,0,0,0,1.5,1,0.5,,,
,,,,,,,,,,,,,,,
,,Counsellor,Professional,EDU022,3.06,3.06,0,0,0.5,1.5,1,0,,,
,,,,,,,,,,,,,,,
,,Librarian,Professional,EDU023,3.26,3.26,0,0,0,1,0.5,1.5,,,
,,,,,,0.00,,,,,,,,,
,,ITI Lecturer,Professional,EDU024,3.19,3.19,0.5,1,0,1.5,0,0,,,
,,Polytechnic Lecturer,Professional,EDU025,3.19,3.19,0.5,1,0,1.5,0,0,,,
,,,,,,0.00,,,,,,,,,
,,Skill & LIvelihood Trainer,Vocational,EDU026,3.19,3.19,0.5,0,0,1.5,1,0,,,
,,,,,,0.00,,,,,,,,,
,,Corporate Trainer,Professional,EDU027,3.06,3.06,0,0,0.5,1.5,1,0,,,
,,,,,,0.00,,,,,,,,,
,,Mathematician,Professional,EDU028,2.78,2.78,0,2,1,0,0,0,,,
,,,,,,,,,,,,,,,
8,"Hardware, Electronics
 & Telecommunications",,,HET000,3.07,3.07,1.131578947,0.947368421,0.210526316,0.105263158,0.5,0.105263158,#DIV/0!,,
,,Draftsman,Vocational,HET001,2.85,2.85,1,0.5,1.5,0,0,0,,,
,,Electronics Fitter,Vocational,HET002,3.13,3.13,1.5,1,0,0,0.5,0,,,
,,Electronic Mechanic,Vocational,HET003,3.13,3.13,1.5,1,0,0,0.5,0,,,
,,LED Light Repair and Testring Technician,Vocational,HET004,3.13,3.13,1.5,1,0,0,0.5,0,,,
,,Solar Panel Installation Technician,Vocational,HET005,3.13,3.13,1.5,0.5,0,0,1,0,,,
,,Smartphone Repair Technician,Vocational,HET006,3.13,3.13,1.5,0.5,0,0,1,0,,,
,,,,,,0.00,,,,,,,,,
,,Sales Executive,Professional,HET007,3.13,3.13,0,0,0,1,1.5,0.5,,,
,,Customer Care Executive,Professional,HET008,3.13,3.13,0,0,0,1,1.5,0.5,,,
,,,,,,0.00,,,,,,,,,
,,Electro-Optical Engineer,Professional,HET009,3.06,3.06,1,1.5,0,0,0.5,0,,,
,,Optical Fiber Splicer/Technician,Vocational,HET010,3.26,3.26,1.5,0.5,0,0,0,1,,,
,,Electronic Engineer,Professional,HET011,3.06,3.06,1,1.5,0,0,0.5,0,,,
,,Electronic Hardware Design Engineer,Professional,HET012,2.99,2.99,1,1.5,0.5,0,0,0,,,
,,Electrical Design Engineer,Professional,HET013,2.99,2.99,1,1.5,0.5,0,0,0,,,
,,Embedded Software Engineer,Professional,HET014,2.92,2.92,0.5,2,0.5,0,0,0,,,
,,Network Management Engineer,Professional,HET015,3.06,3.06,1,1.5,0,0,0.5,0,,,
,,LED Light Design Engineer,Professional,HET016,2.99,2.99,1,1.5,0.5,0,0,0,,,
,,Solar PV System Installation Engineer,Professional,HET017,3.13,3.13,1.5,1,0,0,0.5,0,,,
,,CCTV Installation Technician,Vocational,HET018,3.13,3.13,1.5,0.5,0,0,1,0,,,
,,,,,,0.00,,,,,,,,,
,,Handset Repair Engineer,Vocational,HET019,3.13,3.13,2,0.5,0.5,0,0,0,,,
,,,,,,0.00,,,,,,,,,
9,Engineering & Manufacturing,,,ENG000,3.15,3.15,1.391891892,0.972972973,0.121621622,0,0.22972973,0.297297297,#DIV/0!,,
,,Industrial Engineer,Professional,ENG001,3.06,3.06,1,1,0,0,1,0,,,
,,Mechanical Engineer,Professional,ENG002,3.13,3.13,1.5,1,0,0,0.5,0,,,
,,Aeronautical Engineer,Professional,ENG003,2.99,2.99,1,1.5,0.5,0,0,0,,,
,,Agricultural Engineer,Professional,ENG004,3.13,3.13,1.5,1,0,0,0.5,0,,,
,,Aircraft Maintenance Engineer,Professional,ENG005,3.19,3.19,1.5,1,0,0,0,0.5,,,
,,Chemical Engineer,Professional,ENG006,3.13,3.13,1,1.5,0,0,0,0.5,,,
,,Civil Engineer,Professional,ENG007,3.06,3.06,1.5,1,0.5,0,0,0,,,
,,Communication Engineer,Professional,ENG008,3.06,3.06,1,1.5,0,0,0.5,0,,,
,,Computer Engineer,Professional,ENG009,3.06,3.06,1,1.5,0,0,0.5,0,,,
,,Biochemical Engineer,Professional,ENG010,3.06,3.06,1,1.5,0,0,0.5,0,,,
,,Bio Medical Engineer,Professional,ENG011,3.06,3.06,1,1.5,0,0,0.5,0,,,
,,Electrical & Electronics Engineer,Professional,ENG012,3.06,3.06,1,1.5,0,0,0.5,0,,,
,,Electronics & Communication Engineer,Professional,ENG013,3.06,3.06,1,1.5,0,0,0.5,0,,,
,,Electronics & Instrumentation Engineer,Professional,ENG014,3.06,3.06,1,1.5,0,0,0.5,0,,,
,,Environmental Engineer,Professional,ENG015,3.06,3.06,1,1.5,0,0,0.5,0,,,
,,Robotics Engineer,Professional,ENG016,2.99,2.99,1,1.5,0.5,0,0,0,,,
,,Robotic Machine Operator,Professional,ENG017,3.13,3.13,1.5,0.5,0.5,0,0,0.5,,,
,,Sales Engineer,Professional,ENG018,3.06,3.06,1,1,0,0,1,0,,,
,,Nuclear Engineer,Professional,ENG019,3.13,3.13,1,1.5,0,0,0,0.5,,,
,,Material Scientist,Professional,ENG020,3.13,3.13,1.5,1,0,0,0.5,0,,,
,,Mining & Merallurgical Engineer,Professional,ENG021,3.19,3.19,1.5,1,0,0,0,0.5,,,
,,Metallurgical Engineer,Professional,ENG022,3.13,3.13,1.5,1,0,0,0.5,0,,,
,,Plastic Technologists,Professional,ENG023,3.13,3.13,1.5,1,0,0,0.5,0,,,
,,,,,,0.00,,,,,,,,,
,,Electrician,Vocational,ENG024,3.26,3.26,2,0.5,0,0,0,0.5,,,
,,Plumber,Vocational,ENG025,3.26,3.26,2,0.5,0,0,0,0.5,,,
,,Fitter,Vocational,ENG026,3.26,3.26,2,0.5,0,0,0,0.5,,,
,,Tool & Die Maker,Vocational,ENG027,3.54,3.54,2,0.5,1,0,0,0,,,
,,Aircraft Engine Mechanic,Vocational,ENG028,3.26,3.26,1.5,0.5,0,0,0,1,,,
,,Avionics Technician,Vocational,ENG029,3.19,3.19,1.5,1,0,0,0,0.5,,,
,,,,,,0.00,,,,,,,,,
,,Air Compressor Operator,Vocational,ENG030,3.26,3.26,2,0.5,0,0,0,0.5,,,
,,CNC Operator - Grinding Machine Centre,Vocational,ENG031,3.26,3.26,2,0.5,0,0,0,0.5,,,
,,Draughtsman-Mechanical,Vocational,ENG032,2.85,2.85,1,0.5,1.5,0,0,0,,,
,,Power Plant Operator,Vocational,ENG033,3.26,3.26,1.5,0.5,0,0,0,1,,,
,,Water Treatment Plant Operator,Vocational,ENG034,3.26,3.26,1.5,0.5,0,0,0,1,,,
,,Sewage Treatment Plant Operator,Vocational,ENG035,3.26,3.26,1.5,0.5,0,0,0,1,,,
,,"Turbine Operator, Hydel",Vocational,ENG036,3.26,3.26,1.5,0.5,0,0,0,1,,,
,,,,,,0.00,,,,,,,,,
,,Lathe Machine Operator,Vocational,ENG037,3.26,3.26,2,0.5,0,0,0,0.5,,,
,,,,,,0.00,,,,,,,,,
10,Fitness & Lesiure,,,FIT000,3.23,3.23,1.142857143,0.285714286,0,1.142857143,0.428571429,0,#DIV/0!,,
,,Athletic Coach,Professional,FIT001,3.26,3.26,1,0,0,1.5,0.5,0,,,
,,Fitness Trainer/ Fitness Instructor,Professional,FIT002,3.26,3.26,1,0,0,1.5,0.5,0,,,
,,Physical Training Instructor/ Physical Education Teacher,Professional,FIT003,3.26,3.26,1,0,0,1.5,0.5,0,,,
,,"Professional Sportsman/ Professional, Athelete",Professional,FIT004,3.19,3.19,2,0,0,0,1,0,,,
,,Sports Physiotherapist,Professional,FIT005,3.19,3.19,0.5,1,0,1.5,0,0,,,
,,Yoga Therapist,Professional,FIT006,3.26,3.26,1.5,0,0,1,0.5,0,,,
,,Sports Psychologist,Professional,FIT007,3.19,3.19,1,1,0,1,0,0,,,
,,,,,,0.00,,,,,,,,,
11,Healthcare & Life Sciences,,,LIF000,3.11,3.11,0.763888889,1.347222222,0.055555556,0.458333333,0.138888889,0.236111111,#DIV/0!,,
,,,,,,0.00,,,,,,,,,
,,Ayurvedic Physician,Professional,LIF001,3.06,3.06,0,1.5,0,1,0.5,0,,,
,,Physician,Professional,LIF002,3.13,3.13,0.5,1.5,0,1,0,0,,,
,,Surgeon,Professional,LIF003,3.06,3.06,1,1,0.5,0,0,0.5,,,
,,Neurologist,Professional,LIF004,2.85,2.85,0.5,1.5,1,0,0,0,,,
,,Dentist,Professional,LIF005,3.13,3.13,1,1.5,0,0.5,0,0,,,
,,Homoeopathic Physician,Professional,LIF006,3.06,3.06,0,1.5,0,1,0.5,0,,,
,,Veterinarian,Professional,LIF007,3.13,3.13,1,1.5,0,0.5,0,0,,,
,,Physiotherapists,Professional,LIF008,3.13,3.13,1,1.5,0,0.5,0,0,,,
,,Psychiatrist,Professional,LIF009,3.06,3.06,0,1.5,0,1,0.5,0,,,
,,Psychologist,Professional,LIF010,3.13,3.13,0,1,0,1.5,0.5,0,,,
,,,,,,0.00,,,,,,,,,
,,Forensic Scientists,Professional,LIF011,3.06,3.06,1,1.5,0,0,0.5,0,,,
,,,,,,0.00,,,,,,,,,
,,Microbiologist,Professional,LIF012,3.13,3.13,1,1.5,0,0,0,0.5,,,
,,,,,,0.00,,,,,,,,,
,,Anesthesiologist,Professional,LIF013,3.13,3.13,1,1.5,0,0,0,0.5,,,
,,,,,,0.00,,,,,,,,,
,,Nutritionist,Professional,LIF014,3.06,3.06,0,2,0,1,0,0,,,
,,,,,,0.00,,,,,,,,,
,,Pathologist,Professional,LIF015,3.13,3.13,1,1.5,0,0.5,0,0,,,
,,,,,,0.00,,,,,,,,,
,,Opthalomogists,Professional,LIF016,3.06,3.06,0,1.5,0,1,0.5,0,,,
,,,,,,0.00,,,,,,,,,
,,Pharmacists,Professional,LIF017,3.06,3.06,0,1,0,0,1,1,,,
,,ECG Technician,Vocational,LIF018,3.26,3.26,2,0.5,0,0,0,0.5,,,
,,Blood Bank Technician,Vocational,LIF019,3.19,3.19,1,1,0,0,0,1,,,
,,Medical Imaging Technician,Vocational,LIF020,3.13,3.13,0,1.5,0,1,0,0.5,,,
,,Dental Technician,Vocational,LIF021,3.26,3.26,2,0.5,0,0,0,0.5,,,
,,,,,,0.00,,,,,,,,,
,,Nurse,Vocational,LIF022,3.33,3.33,0.5,0,0,1.5,0,1,,,
,,Nursing Assistant,Vocational,LIF023,3.33,3.33,1,0,0,1,0,1,,,
,,Bio-Medical Engineer,Professional,LIF024,3.13,3.13,1,1.5,0,0.5,0,0,,,
,,Ecologist,Professional,LIF025,3.06,3.06,1,1.5,0,0,0.5,0,,,
,,Entomologist,Professional,LIF026,3.06,3.06,1,1.5,0,0,0.5,0,,,
,,Forensic Science Technician,Vocational,LIF027,3.19,3.19,1.5,1,0,0,0,0.5,,,
,,Marine Biologist,Professional,LIF028,3.06,3.06,1,2,0,0,0,0,,,
,,Plant Physiologist,Professional,LIF029,3.06,3.06,1,2,0,0,0,0,,,
,,"Chemist, Organic",Professional,LIF030,3.06,3.06,0.5,2,0,0,0,0.5,,,
,,Environmental Scientist (Including Health),Professional,LIF031,3.06,3.06,0.5,2,0,0,0,0.5,,,
,,Zoologist,Professional,LIF032,3.06,3.06,1,2,0,0,0,0,,,
,,Chemist,Professional,LIF033,3.06,3.06,1,2,0,0,0,0,,,
,,,,,,0.00,,,,,,,,,
,,Acupuncturist,Professional,LIF034,3.26,3.26,1.5,0.5,0,1,0,0,,,
,,Dermatologist,Professional,LIF035,3.13,3.13,1,1.5,0,0.5,0,0,,,
,,Speech Theropist,Professional,LIF036,3.06,3.06,0,1,0.5,1.5,0,0,,,
,,,,,,0.00,,,,,,,,,
12,IT & ITES,,,ITS000,3.01,3.01,0.291666667,1,0.5625,0.395833333,0.541666667,0.25,#DIV/0!,,
,,Ethical Hacker,Professional,ITS001,2.85,2.85,0,1.5,1,0,0,0.5,,,
,,,,,,0.00,,,,,,,,,
,,QA Engineer (Software Testing Engineer),Professional,ITS002,3.06,3.06,0,1.5,0,0,0.5,1,,,
,,,,,,0.00,,,,,,,,,
,,AI Engineer,Professional,ITS003,2.78,2.78,0,1.5,1,0,0.5,0,,,
,,,,,,0.00,,,,,,,,,
,,Software Architect,Professional,ITS004,2.78,2.78,0,1.5,1,0,0.5,0,,,
,,,,,,0.00,,,,,,,,,
,,Network Engineer,Professional,ITS005,3.19,3.19,1.5,1,0,0,0,0.5,,,
,,System Administrator,Professional,ITS006,3.19,3.19,1.5,1,0,0,0,0.5,,,
,,,,,,0.00,,,,,,,,,
,,Digital Marketer,Professional,ITS007,2.85,2.85,0,1.5,0.5,0,1,0,,,
,,,,,,0.00,,,,,,,,,
,,IT Project Manager,Professional,ITS008,3.13,3.13,0,0,0,1,1.5,0.5,,,
,,,,,,0.00,,,,,,,,,
,,Technical Writer,Professional,ITS009,2.92,2.92,0,1,1,1,0,0,,,
,,Website Copywriter,Professional,ITS010,2.85,2.85,0,0,1.5,1,0.5,0,,,
,,,,,,0.00,,,,,,,,,
,,Trainer,Professional,ITS011,3.13,3.13,0,1,0,1.5,0.5,0,,,
,,,,,,0.00,,,,,,,,,
,,Sales Engineer,Professional,ITS012,3.06,3.06,0,0.5,0,1,1.5,0,,,
,,,,,,0.00,,,,,,,,,
,,Hardware Engineer,Professional,ITS013,3.19,3.19,1.5,1,0,0,0,0.5,,,
,,,,,,0.00,,,,,,,,,
,,IT Helpdesk Executive,Professional,ITS014,3.19,3.19,0.5,0,0,1.5,1,0,,,
,,Engineer-Technical Support,Professional,ITS015,3.06,3.06,1,1,0,0,1,0,,,
,,Cloud Computing Analyst,Professional,ITS016,2.85,2.85,0,1.5,1,0,0,0.5,,,
,,Web Designer,Professional,ITS017,2.64,2.64,0,0,2,0,1,0,,,
,,Web Developer,Professional,ITS018,2.78,2.78,0,1.5,1,0,0.5,0,,,
,,Mobile App Developer,Professional,ITS019,2.78,2.78,0,1.5,1,0,0.5,0,,,
,,Big Data Analyst,Professional,ITS020,2.99,2.99,0,1.5,0.5,0,0,1,,,
,,Programmer Genreal,Professional,ITS021,2.85,2.85,0,1.5,0.5,0,1,0,,,
,,Business Analyst,Professional,ITS022,3.06,3.06,0,1,0,1,1,0,,,
,,Associate-Medical Transcription,Vocational,ITS023,3.26,3.26,0,0.5,0,1.5,0,1,,,
,,,,,,0.00,,,,,,,,,
,,UI Designer,Professional,ITS024,3.82,3.82,1,1,1.5,0,0.5,0,,,
,,,,,,0.00,,,,,,,,,
13,Social Sciences & Human Services,,,HUM000,3.06,3.06,0.416666667,0.875,0.333333333,0.916666667,0.416666667,0.041666667,#DIV/0!,,
,,Social Worker,Professional,HUM001,3.06,3.06,0,0,0.5,1.5,1,0,,,
,,Marriage and Family Counsellor,Professional,HUM002,3.13,3.13,0,0,0.5,2,0.5,0,,,
,,Public Policy Analyst,Professional,HUM003,3.19,3.19,0,1,0,1.5,0,0.5,,,
,,Communications Officer ,Professional,HUM004,2.99,2.99,0,0,0.5,1,1.5,0,,,
,,Archaeologist,Professional,HUM005,2.99,2.99,1,1.5,0.5,0,0,0,,,
,,Sociologist,Professional,HUM006,3.13,3.13,0,1,0,1.5,0.5,0,,,
,,Geographer,Professional,HUM007,3.06,3.06,1.5,1,0.5,0,0,0,,,
,,Geologist,Professional,HUM008,3.13,3.13,1.5,1,0,0,0.5,0,,,
,,Historian,Professional,HUM009,3.06,3.06,0,1.5,0,1,0.5,0,,,
,,Palaeontologist,Professional,HUM010,3.06,3.06,1,2,0,0,0,0,,,
,,Psychologist,Professional,HUM011,2.85,2.85,0,1.5,1,0.5,0,0,,,
,,Hospital Counsellor,Professional,HUM012,3.13,3.13,0,0,0.5,2,0.5,0,,,
,,,,,,,,,,,,,,,
14,Law & Order,,,LAW000,3.03,3.03,0.2,0.7,0.1,0.6,1.3,0.1,#DIV/0!,,
,,Judge,Professional,LAW001,3.13,3.13,0,0,0,1,1.5,0.5,,,
,,Civil Lawyer,Professional,LAW002,3.06,3.06,0,0.5,0,1,1.5,0,,,
,,Criminal Lawyer,Professional,LAW003,3.06,3.06,0,0.5,0,1,1.5,0,,,
,,Criminal Investigator,Professional,LAW004,2.92,2.92,0,1,0,0,2,0,,,
,,Anthropologist,Professional,LAW005,2.99,2.99,1,1.5,0.5,0,0,0,,,
,,Law Officer - Banking,,,,,,,,,,,,,
15,Management & Marketing,,,MGM000,3.07,3.07,0.090909091,0.136363636,0.295454545,0.840909091,1.136363636,0.5,,,
,,HR Executive,Professional,MGM001,3.26,3.26,0,0,0,1,0.5,1.5,,,
,,HR Manager,Professional,MGM002,3.13,3.13,0,0,0,1,1.5,0.5,,,
,,,,,,,,,,,,,,,
,,Marketing Manager,Professional,MGM003,2.99,2.99,0,0,0.5,1,1.5,0,,,
,,Market Research Executive,Professional,MGM004,2.85,2.85,0,1.5,0.5,0,1,0,,,
,,Marketing Executive,Professional,MGM005,3.06,3.06,0,0,0.5,1.5,1,0,,,
,,,,,,,,,,,,,,,
,,Public Relations Executive,Professional,MGM006,3.19,3.19,0,0,0,1.5,1,0.5,,,
,,Public Relations Manager,Professional,MGM007,3.13,3.13,0,0,0,1,1.5,0.5,,,
,,,,,,,,,,,,,,,
,,Labour Welfare Officier,Professional,MGM008,3.19,3.19,0,0,0,1.5,1,0.5,0,,
,,Health & Safety Officer,Professional,MGM009,3.26,3.26,0,0,0,1.5,0.5,1,0,,
,,,,,,,,,,,,,,,
,,Sales Executive,Professional,MGM010,3.13,3.13,0,0,0,1,1.5,0.5,,,
,,Counter sales Executives,Professional,MGM011,3.13,3.13,0,0,0,0.5,1.5,1,,,
,,Sales Manager,Professional,MGM012,2.92,2.92,0,0,0.5,0.5,2,0,,,
,,,,,,,,,,,,,,,
,,Project Manager,Professional,MGM013,3.19,3.19,0,0.5,0,0.5,0.5,1.5,,,
,,IT Manager,Professional,MGM014,3.06,3.06,0,0.5,0,1,1.5,0,0.5,,
,,Brand Manager,Professional,MGM015,2.71,2.71,0,0.5,1.5,0,1,0,,,
,,Communications officer,Professional,MGM016,2.99,2.99,0,0,0.5,1,1.5,0,,,
,,Social Media Manager,Professional,MGM017,2.78,2.78,0,0,1.5,0.5,1,0,,,
,,,,,,,,,,,,,,,
,,Executive - Event Management,Professional,MGM018,2.85,2.85,0,0,1,0,1.5,0.5,,,
,,,,,,,,,,,,,,,
,,Armed Security Guard,Professional,MGM019,3.33,3.33,2,0,0,0,0,1,,,
,,,,,,,,,,,,,,,
,,Security Supervisor,Professional,MGM020,3.13,3.13,0,0,0,1,1.5,0.5,,,
,,,,,,,,,,,,,,,
,,Facilities/Operations Manager,Professional,MGM021,3.13,3.13,0,0,0,1,1.5,0.5,,,
,,,,,,,,,,,,,,,
,,Receptionist/Front Office Executive,Professional,MGM022,3.26,3.26,0,0,0,1.5,0.5,1,,,
,,,,,,,,,,,,,,,
16,Media & Entertainment,,,MED000,2.78,2.78,0.076923077,0.153846154,1.576923077,0.384615385,0.653846154,0.153846154,#DIV/0!,,
,,Anchor,Vocational,MED001,2.78,2.78,0,0,1.5,0.5,1,0,,,
,,News Reader,Professional,MED002,3.06,3.06,0,0,1,0.5,0,1.5,,,
,,Journalist,Professional,MED003,2.85,2.85,0,1.5,1,0.5,0,0,,,
,,Editor,Professional,MED004,2.99,2.99,0,0,0.5,1,1.5,0,,,
,,Radio Jockey,Vocational,MED005,2.78,2.78,0,0,2,1,0,0,,,
,,"Writer - Fiction, Creative",Vocational,MED006,2.64,2.64,0,0,2.5,0.5,0,0,,,
,,Ad Copywriter,Vocational,MED007,2.85,2.85,0,0,1.5,1,0.5,0,,,
,,Modeling,Professional,MED008,2.85,2.85,1,0,1.5,0,0.5,0,,,
,,Music Director,Vocational,MED009,2.64,2.64,0,0,2,0,1,0,,,
,,Cartoonist,Vocational,MED010,2.64,2.64,0,0,2,0,1,0,,,
,,Film Director,Vocational,MED011,2.64,2.64,0,0,2,0,1,0,,,
,,Film Animator,Vocational,MED012,2.71,2.71,0,0.5,1.5,0,1,0,,,
,,Actor (Film & Stage),Vocational,MED013,2.78,2.78,0,0,1.5,0,1,0.5,,,
17,"Public Administration 
& Government",,,PUB000,3.21,3.21,0.269230769,0.288461538,0,0.769230769,0.923076923,0.788461538,0,,
,,Indian Admin Service Officer,Professional,PUB001,3.13,3.13,0,0,0,0.5,1.5,1,,,
,,Indian Police Service Officer,Professional,PUB002,3.61,3.61,0,0,0,0.5,2,1,,,
,,Other All India Services,Professional,PUB003,3.06,3.06,0,0.5,0,0,1.5,1,,,
,,,,,,,,,,,,,,,
,,Deputy Collector,Professional,PUB004,3.13,3.13,0,0,0,0.5,1.5,1,,,
,,Municipal Commissioner,Professional,PUB005,3.13,3.13,0,0,0,0.5,1.5,1,,,
,,Asisstant Supdt. of Police,Professional,PUB006,3.13,3.13,0,0,0,0.5,1.5,1,,,
,,Assistant Prohibition and Excise Superintendent,Professional,PUB007,3.61,3.61,0,0,0,0.5,2,1,,,
,,Group 1 Officers in various departments,Professional,PUB008,3.06,3.06,0,0.5,0,0,1.5,1,,,
,,,,,,,,,,,,,,,
,,Commericial Tax Officer,Professional,PUB009,3.06,3.06,0,1,0,0,1,1,,,
,,Deputy Tehsildar,Professional,PUB010,3.19,3.19,0,0,0,1,1,1,,,
,,Prohibition & Excise Sub Inspector,Professional,PUB011,3.19,3.19,0,0,0,1,1,1,,,
,,Group 2 Officers in Various Departments,Professional,PUB012,3.19,3.19,0,1,0,1,0,1,,,
,,Senior Assistants in Various Departments,Professional,PUB013,3.19,3.19,0,1,0,1,0,1,,,
,,,,,,,,,,,,,,,
,,Panchayat Secretary,Professional,PUB014,3.19,3.19,0,0,0,1,1,1,,,
,,Group 4 Employees,Professional,PUB015,3.33,3.33,1,0,0,1,0,1,,,
,,,,,,0.00,,,,,,,,,
,,SI,Professional,PUB016,3.13,3.13,0,0,0,0.5,1.5,1,,,
,,Police Constable,Professional,PUB017,3.33,3.33,1,0,0,1.5,0,0.5,,,
,,,,,,,,,,,,,,,
,,Engineer - Railways,Professional,PUB018,2.99,2.99,0.5,1,0,0,1.5,0,,,
,,Station Master-Railway,Professional,PUB019,3.13,3.13,0,0,0,1,1.5,0.5,,,
,,Ticket Collector-Railway,Professional,PUB020,3.33,3.33,0,0,0,2,0,1,,,
,,Railway Constable,Professional,PUB021,3.33,3.33,1,0,0,1.5,0,0.5,0,,
,,Assistant Executive Engineer - Various Departments,Professional,PUB022,2.99,2.99,0.5,1,0,0,1.5,0,0,,
,,Deputy Surgeon,Professional,PUB023,3.13,3.13,1,1.5,0,0.5,0,0,,,
,,,,,,,,,,,,,,,
,,Postal Assistant,Professional,PUB024,3.19,3.19,0,0,0,1,1,1,0,,
,,Postman,Professional,PUB025,3.33,3.33,0.5,0,0,2,0,0.5,0,,
,,Mail Guard,Professional,PUB026,3.33,3.33,1.5,0,0,1,0,0.5,0,,
18,"Retail, Tourism and Hospitality",,,RTH000,3.13,3.13,0.454545455,0,0.454545455,1.227272727,0.590909091,0.272727273,#DIV/0!,,
,,,,,,,,,,,,,,,
,,Chef,Vocational,RTH001,2.99,2.99,1.5,0,1,0,0.5,0,,,
,,Hotel Manager,Professional,RTH002,3.19,3.19,0,0,0,1.5,1,0.5,,,
,,Flight Attendants and Travel Stewards,Vocational,RTH003,3.33,3.33,1,0,0,1.5,0,0.5,,,
,,Food & Beverage Service Steward,Vocational,RTH004,3.33,3.33,1,0,0,1.5,0,0.5,,,
,,Housekeeping Supervisor,Vocational,RTH005,3.19,3.19,0.5,0,0,1.5,1,0,,,
,,Manager Lodging and Catering Services,Vocational,RTH006,3.19,3.19,0,0,0,1.5,1,0.5,,,
,,Tourist Guide,Vocational,RTH007,2.78,2.78,0,0,2,1,0,0,,,
,,Adventure Guide,Vocational,RTH008,3.26,3.26,1,0,0,1.5,0.5,0,,,
,,Travel Consultant,Vocational,RTH009,3.19,3.19,0,0,0,1.5,1,0.5,,,
,,Interpreters & Translators,Vocational,RTH010,2.78,2.78,0,0,2,1,0,0,,,
,,Medical Sales Representative,Vocational,RTH011,3.13,3.13,0,0,0,1,1.5,0.5,,,
19,Self Employment,,,SEF000,3.09,3.09,1.277777778,0.111111111,0.222222222,0,1.166666667,0.222222222,#DIV/0!,,
,,Software consultants,Vocational,SEF001,2.85,2.85,0,1,0.5,0,1.5,0,,,
,,Beautician,Vocational,SEF002,2.92,2.92,1,0,1,0,1,0,,,
,,Mobile & Electronic  Service Sales and Repair,Vocational,SEF003,3.19,3.19,1.5,0,0,0,1,0.5,,,
,,Photo and Video Studio,Vocational,SEF004,3.06,3.06,1.5,0,0.5,0,1,0,,,
,,Electrician,Vocational,SEF005,3.19,3.19,1.5,0,0,0,1,0.5,,,
,,Offset Printing & Binding,Vocational,SEF006,3.19,3.19,1.5,0,0,0,1,0.5,,,
,,Taxi Owner,Vocational,SEF007,3.19,3.19,2,0,0,0,1,0,,,
,,Computer / Xerox Centre,Vocational,SEF008,3.19,3.19,1.5,0,0,0,1,0.5,,,
,,Rural Transport Service,Vocational,SEF009,3.06,3.06,1,0,0,0,2,0,,,
,,,,,,,,,,,,,,,
20,"Transportation, Logistics,
 Warehousing",,,TRA000,3.15,3.15,1.321428571,0.535714286,0.071428571,0.107142857,0.642857143,0.321428571,#DIV/0!,,
,,"Engineer, Merchant Navy",Professional,TRA001,3.13,3.13,1.5,0.5,0,0,1,0,,,
,,Naval Technician,Vocational,TRA002,3.13,3.13,1.5,0.5,0,0,1,0,,,
,,"Officer, Merchant Navy",Professional,TRA003,3.06,3.06,0.5,0,0,0,2,0.5,,,
,,warehouse Supervisor,Professional,TRA004,3.13,3.13,1,0,0,0,1.5,0.5,,,
,,Automative service Technician,Vocational,TRA005,3.13,3.13,1.5,0.5,0,0,1,0,,,
,,Commercial Pilot,Professional,TRA006,3.19,3.19,1.5,1,0,0,0,0.5,,,
,,Airline Cabin Crew,Vocational,TRA007,3.33,3.33,1,0,0,1.5,0,0.5,,,
,,,,,,,,,,,,,,,
,,Avionics Technician,Vocational,TRA008,3.19,3.19,1.5,1,0,0,0,0.5,,,
,,Aircraft Engine Mechanic,Vocational,TRA009,3.19,3.19,1.5,1,0,0,0,0.5,,,
,,,,,,,,,,,,,,,
,,Avionics Engineer,Professional,TRA010,3.13,3.13,1.5,1,0,0,0.5,0,,,
,,Aviation Engineer,Professional,TRA011,3.06,3.06,1.5,1,0.5,0,0,0,,,
,,Aerospace Engineer,Professional,TRA012,3.06,3.06,1.5,1,0.5,0,0,0,,,
,,Commercial Vehicle Driver,Vocational,TRA013,3.26,3.26,2,0,0,0,0.5,0.5,,,
,,Air traffic controller,Professional,TRA014,3.13,3.13,0.5,0,0,0,1.5,1,,,
,,,,,,,,,,,,,,,
,,,,,,,,,,,,,,,
,,,,,,,,,,,,,,,
,,,,,,,,,,,,,,,
,,,,,,,,,,,,,,,
,,,,,,,,,,,,,,,
,,,,,,,,,,,,,,,
,,,,,,,,,,,,,,,
,,,,,,,,,,,,,,,
,,,,,,,,,,,,,,,
,,,,,,,,,,,,,,,
,,,,,,,,,,,,,,,
,,,,,,,,,,,,,,,
,,,,,,,,,,,,,,,
,,,,,,,,,,,,,,,
,,,,,,,,,,,,,,,
,,,,,,,,,,,,,,,
,,,,,,,,,,,,,,,
,,,,,,,,,,,,,,,
,,,,,,,,,,,,,,,
,,,,,,,,,,,,,,,
,,,,,,,,,,,,,,,
,,,,,,,,,,,,,,,
,,,,,,,,,,,,,,,
,,,,,,,,,,,,,,,
,,,,,,,,,,,,,,,
,,,,,,,,,,,,,,,
,,,,,,,,,,,,,,,
,,,,,,,,,,,,,,,
,,,,,,,,,,,,,,,
,,,,,,,,,,,,,,,
,,,,,,,,,,,,,,,
,,,,,,,,,,,,,,,
,,,,,,,,,,,,,,,
,,,,,,,,,,,,,,,
,,,,,,,,,,,,,,,
,,,,,,,,,,,,,,,
,,,,,,,,,,,,,,,
,,,,,,,,,,,,,,,
,,,,,,,,,,,,,,,
,,,,,,,,,,,,,,,
,,,,,,,,,,,,,,,
,,,,,,,,,,,,,,,
,,,,,,,,,,,,,,,
,,,,,,,,,,,,,,,
,,,,,,,,,,,,,,,
,,,,,,,,,,,,,,,
,,,,,,,,,,,,,,,
,,,,,,,,,,,,,,,
,,,,,,,,,,,,,,,
,,,,,,,,,,,,,,,
,,,,,,,,,,,,,,,
,,,,,,,,,,,,,,,
,,,,,,,,,,,,,,,
,,,,,,,,,,,,,,,
,,,,,,,,,,,,,,,
,,,,,,,,,,,,,,,
,,,,,,,,,,,,,,,
,,,,,,,,,,,,,,,
,,,,,,,,,,,,,,,
,,,,,,,,,,,,,,,
,,,,,,,,,,,,,,,
,,,,,,,,,,,,,,,
,,,,,,,,,,,,,,,
,,,,,,,,,,,,,,,
,,,,,,,,,,,,,,,
,,,,,,,,,,,,,,,
,,,,,,,,,,,,,,,
,,,,,,,,,,,,,,,
,,,,,,,,,,,,,,,
,,,,,,,,,,,,,,,
,,,,,,,,,,,,,,,
,,,,,,,,,,,,,,,
,,,,,,,,,,,,,,,
,,,,,,,,,,,,,,,
,,,,,,,,,,,,,,,
,,,,,,,,,,,,,,,
,,,,,,,,,,,,,,,
,,,,,,,,,,,,,,,
,,,,,,,,,,,,,,,
,,,,,,,,,,,,,,,
,,,,,,,,,,,,,,,
,,,,,,,,,,,,,,,
,,,,,,,,,,,,,,,
,,,,,,,,,,,,,,,
,,,,,,,,,,,,,,,
,,,,,,,,,,,,,,,
,,,,,,,,,,,,,,,
,,,,,,,,,,,,,,,
,,,,,,,,,,,,,,,
,,,,,,,,,,,,,,,
,,,,,,,,,,,,,,,
,,,,,,,,,,,,,,,
,,,,,,,,,,,,,,,
,,,,,,,,,,,,,,,
,,,,,,,,,,,,,,,
,,,,,,,,,,,,,,,
,,,,,,,,,,,,,,,
,,,,,,,,,,,,,,,
,,,,,,,,,,,,,,,
,,,,,,,,,,,,,,,
,,,,,,,,,,,,,,,
,,,,,,,,,,,,,,,
,,,,,,,,,,,,,,,
,,,,,,,,,,,,,,,
,,,,,,,,,,,,,,,
,,,,,,,,,,,,,,,
,,,,,,,,,,,,,,,
,,,,,,,,,,,,,,,
,,,,,,,,,,,,,,,
,,,,,,,,,,,,,,,
,,,,,,,,,,,,,,,
,,,,,,,,,,,,,,,
,,,,,,,,,,,,,,,
,,,,,,,,,,,,,,,
,,,,,,,,,,,,,,,
,,,,,,,,,,,,,,,
,,,,,,,,,,,,,,,
,,,,,,,,,,,,,,,
,,,,,,,,,,,,,,,
,,,,,,,,,,,,,,,
,,,,,,,,,,,,,,,
,,,,,,,,,,,,,,,
,,,,,,,,,,,,,,,
,,,,,,,,,,,,,,,
,,,,,,,,,,,,,,,
,,,,,,,,,,,,,,,
,,,,,,,,,,,,,,,
,,,,,,,,,,,,,,,
,,,,,,,,,,,,,,,
,,,,,,,,,,,,,,,
,,,,,,,,,,,,,,,
,,,,,,,,,,,,,,,
,,,,,,,,,,,,,,,
,,,,,,,,,,,,,,,
,,,,,,,,,,,,,,,
,,,,,,,,,,,,,,,
,,,,,,,,,,,,,,,
,,,,,,,,,,,,,,,
,,,,,,,,,,,,,,,
,,,,,,,,,,,,,,,
,,,,,,,,,,,,,,,
,,,,,,,,,,,,,,,
,,,,,,,,,,,,,,,
,,,,,,,,,,,,,,,
,,,,,,,,,,,,,,,
,,,,,,,,,,,,,,,
,,,,,,,,,,,,,,,
,,,,,,,,,,,,,,,
,,,,,,,,,,,,,,,
,,,,,,,,,,,,,,,
,,,,,,,,,,,,,,,
,,,,,,,,,,,,,,,
,,,,,,,,,,,,,,,
,,,,,,,,,,,,,,,
,,,,,,,,,,,,,,,
,,,,,,,,,,,,,,,
,,,,,,,,,,,,,,,
,,,,,,,,,,,,,,,
,,,,,,,,,,,,,,,
,,,,,,,,,,,,,,,
,,,,,,,,,,,,,,,
,,,,,,,,,,,,,,,
,,,,,,,,,,,,,,,
,,,,,,,,,,,,,,,
,,,,,,,,,,,,,,,
,,,,,,,,,,,,,,,
,,,,,,,,,,,,,,,
,,,,,,,,,,,,,,,
,,,,,,,,,,,,,,,
,,,,,,,,,,,,,,,
,,,,,,,,,,,,,,,
,,,,,,,,,,,,,,,
,,,,,,,,,,,,,,,
,,,,,,,,,,,,,,,
,,,,,,,,,,,,,,,
,,,,,,,,,,,,,,,
,,,,,,,,,,,,,,,
,,,,,,,,,,,,,,,
,,,,,,,,,,,,,,,
,,,,,,,,,,,,,,,
,,,,,,,,,,,,,,,
,,,,,,,,,,,,,,,
,,,,,,,,,,,,,,,
,,,,,,,,,,,,,,,
,,,,,,,,,,,,,,,
,,,,,,,,,,,,,,,
,,,,,,,,,,,,,,,
,,,,,,,,,,,,,,,
,,,,,,,,,,,,,,,
,,,,,,,,,,,,,,,
,,,,,,,,,,,,,,,
,,,,,,,,,,,,,,,
,,,,,,,,,,,,,,,
,,,,,,,,,,,,,,,
,,,,,,,,,,,,,,,
,,,,,,,,,,,,,,,
,,,,,,,,,,,,,,,
,,,,,,,,,,,,,,,
,,,,,,,,,,,,,,,
,,,,,,,,,,,,,,,
,,,,,,,,,,,,,,,
,,,,,,,,,,,,,,,
,,,,,,,,,,,,,,,
,,,,,,,,,,,,,,,
,,,,,,,,,,,,,,,
,,,,,,,,,,,,,,,
,,,,,,,,,,,,,,,
,,,,,,,,,,,,,,,
,,,,,,,,,,,,,,,
,,,,,,,,,,,,,,,
,,,,,,,,,,,,,,,
,,,,,,,,,,,,,,,
,,,,,,,,,,,,,,,
,,,,,,,,,,,,,,,
,,,,,,,,,,,,,,,
,,,,,,,,,,,,,,,
,,,,,,,,,,,,,,,
,,,,,,,,,,,,,,,
,,,,,,,,,,,,,,,
,,,,,,,,,,,,,,,
,,,,,,,,,,,,,,,
,,,,,,,,,,,,,,,
,,,,,,,,,,,,,,,
,,,,,,,,,,,,,,,
,,,,,,,,,,,,,,,
,,,,,,,,,,,,,,,
,,,,,,,,,,,,,,,
,,,,,,,,,,,,,,,
,,,,,,,,,,,,,,,
,,,,,,,,,,,,,,,
,,,,,,,,,,,,,,,
,,,,,,,,,,,,,,,
,,,,,,,,,,,,,,,
,,,,,,,,,,,,,,,
,,,,,,,,,,,,,,,
,,,,,,,,,,,,,,,
,,,,,,,,,,,,,,,
,,,,,,,,,,,,,,,
,,,,,,,,,,,,,,,
,,,,,,,,,,,,,,,
,,,,,,,,,,,,,,,
,,,,,,,,,,,,,,,
,,,,,,,,,,,,,,,
,,,,,,,,,,,,,,,
,,,,,,,,,,,,,,,
,,,,,,,,,,,,,,,
,,,,,,,,,,,,,,,
,,,,,,,,,,,,,,,
,,,,,,,,,,,,,,,
,,,,,,,,,,,,,,,
,,,,,,,,,,,,,,,
,,,,,,,,,,,,,,,
,,,,,,,,,,,,,,,
,,,,,,,,,,,,,,,
,,,,,,,,,,,,,,,
,,,,,,,,,,,,,,,
,,,,,,,,,,,,,,,
,,,,,,,,,,,,,,,
,,,,,,,,,,,,,,,
,,,,,,,,,,,,,,,
,,,,,,,,,,,,,,,
,,,,,,,,,,,,,,,
,,,,,,,,,,,,,,,
,,,,,,,,,,,,,,,
,,,,,,,,,,,,,,,
,,,,,,,,,,,,,,,
,,,,,,,,,,,,,,,
,,,,,,,,,,,,,,,
,,,,,,,,,,,,,,,
,,,,,,,,,,,,,,,
,,,,,,,,,,,,,,,
,,,,,,,,,,,,,,,
,,,,,,,,,,,,,,,
,,,,,,,,,,,,,,,
,,,,,,,,,,,,,,,
,,,,,,,,,,,,,,,
,,,,,,,,,,,,,,,
,,,,,,,,,,,,,,,
,,,,,,,,,,,,,,,
,,,,,,,,,,,,,,,
,,,,,,,,,,,,,,,
,,,,,,,,,,,,,,,
,,,,,,,,,,,,,,,
,,,,,,,,,,,,,,,
,,,,,,,,,,,,,,,
,,,,,,,,,,,,,,,
,,,,,,,,,,,,,,,
,,,,,,,,,,,,,,,
,,,,,,,,,,,,,,,
,,,,,,,,,,,,,,,
,,,,,,,,,,,,,,,
,,,,,,,,,,,,,,,
,,,,,,,,,,,,,,,
,,,,,,,,,,,,,,,
,,,,,,,,,,,,,,,
,,,,,,,,,,,,,,,
,,,,,,,,,,,,,,,
,,,,,,,,,,,,,,,
,,,,,,,,,,,,,,,
,,,,,,,,,,,,,,,
,,,,,,,,,,,,,,,
,,,,,,,,,,,,,,,
,,,,,,,,,,,,,,,
,,,,,,,,,,,,,,,
,,,,,,,,,,,,,,,
,,,,,,,,,,,,,,,
,,,,,,,,,,,,,,,
,,,,,,,,,,,,,,,
,,,,,,,,,,,,,,,
,,,,,,,,,,,,,,,
,,,,,,,,,,,,,,,
,,,,,,,,,,,,,,,
,,,,,,,,,,,,,,,
,,,,,,,,,,,,,,,
,,,,,,,,,,,,,,,
,,,,,,,,,,,,,,,
,,,,,,,,,,,,,,,
,,,,,,,,,,,,,,,
,,,,,,,,,,,,,,,
,,,,,,,,,,,,,,,
,,,,,,,,,,,,,,,
,,,,,,,,,,,,,,,
,,,,,,,,,,,,,,,
,,,,,,,,,,,,,,,
,,,,,,,,,,,,,,,
,,,,,,,,,,,,,,,
,,,,,,,,,,,,,,,
,,,,,,,,,,,,,,,
,,,,,,,,,,,,,,,
,,,,,,,,,,,,,,,
,,,,,,,,,,,,,,,
,,,,,,,,,,,,,,,
,,,,,,,,,,,,,,,
,,,,,,,,,,,,,,,
,,,,,,,,,,,,,,,
,,,,,,,,,,,,,,,
,,,,,,,,,,,,,,,
,,,,,,,,,,,,,,,
,,,,,,,,,,,,,,,
,,,,,,,,,,,,,,,
,,,,,,,,,,,,,,,
,,,,,,,,,,,,,,,
,,,,,,,,,,,,,,,
,,,,,,,,,,,,,,,
,,,,,,,,,,,,,,,
,,,,,,,,,,,,,,,
,,,,,,,,,,,,,,,
,,,,,,,,,,,,,,,
,,,,,,,,,,,,,,,
,,,,,,,,,,,,,,,
,,,,,,,,,,,,,,,
,,,,,,,,,,,,,,,
,,,,,,,,,,,,,,,
,,,,,,,,,,,,,,,
,,,,,,,,,,,,,,,
,,,,,,,,,,,,,,,
,,,,,,,,,,,,,,,
,,,,,,,,,,,,,,,
,,,,,,,,,,,,,,,
,,,,,,,,,,,,,,,
,,,,,,,,,,,,,,,
,,,,,,,,,,,,,,,
,,,,,,,,,,,,,,,
,,,,,,,,,,,,,,,
,,,,,,,,,,,,,,,
,,,,,,,,,,,,,,,
,,,,,,,,,,,,,,,
,,,,,,,,,,,,,,,
,,,,,,,,,,,,,,,
,,,,,,,,,,,,,,,
,,,,,,,,,,,,,,,
,,,,,,,,,,,,,,,
,,,,,,,,,,,,,,,
,,,,,,,,,,,,,,,
,,,,,,,,,,,,,,,
,,,,,,,,,,,,,,,
,,,,,,,,,,,,,,,
,,,,,,,,,,,,,,,
,,,,,,,,,,,,,,,
,,,,,,,,,,,,,,,
,,,,,,,,,,,,,,,
,,,,,,,,,,,,,,,
,,,,,,,,,,,,,,,
,,,,,,,,,,,,,,,
,,,,,,,,,,,,,,,
,,,,,,,,,,,,,,,
,,,,,,,,,,,,,,,
,,,,,,,,,,,,,,,
,,,,,,,,,,,,,,,
,,,,,,,,,,,,,,,
,,,,,,,,,,,,,,,
,,,,,,,,,,,,,,,
,,,,,,,,,,,,,,,
,,,,,,,,,,,,,,,
,,,,,,,,,,,,,,,
,,,,,,,,,,,,,,,
,,,,,,,,,,,,,,,
,,,,,,,,,,,,,,,
,,,,,,,,,,,,,,,
,,,,,,,,,,,,,,,
,,,,,,,,,,,,,,,
,,,,,,,,,,,,,,,
,,,,,,,,,,,,,,,
,,,,,,,,,,,,,,,
,,,,,,,,,,,,,,,
,,,,,,,,,,,,,,,
,,,,,,,,,,,,,,,
,,,,,,,,,,,,,,,
,,,,,,,,,,,,,,,
,,,,,,,,,,,,,,,
,,,,,,,,,,,,,,,
,,,,,,,,,,,,,,,
,,,,,,,,,,,,,,,
,,,,,,,,,,,,,,,
,,,,,,,,,,,,,,,
,,,,,,,,,,,,,,,
,,,,,,,,,,,,,,,
,,,,,,,,,,,,,,,
,,,,,,,,,,,,,,,
,,,,,,,,,,,,,,,
,,,,,,,,,,,,,,,
,,,,,,,,,,,,,,,
,,,,,,,,,,,,,,,
,,,,,,,,,,,,,,,
,,,,,,,,,,,,,,,
,,,,,,,,,,,,,,,
,,,,,,,,,,,,,,,
,,,,,,,,,,,,,,,
,,,,,,,,,,,,,,,
,,,,,,,,,,,,,,,
,,,,,,,,,,,,,,,
,,,,,,,,,,,,,,,
,,,,,,,,,,,,,,,
,,,,,,,,,,,,,,,
,,,,,,,,,,,,,,,
,,,,,,,,,,,,,,,
,,,,,,,,,,,,,,,
,,,,,,,,,,,,,,,
,,,,,,,,,,,,,,,
,,,,,,,,,,,,,,,
,,,,,,,,,,,,,,,
,,,,,,,,,,,,,,,
,,,,,,,,,,,,,,,
,,,,,,,,,,,,,,,
,,,,,,,,,,,,,,,
,,,,,,,,,,,,,,,
,,,,,,,,,,,,,,,
,,,,,,,,,,,,,,,
,,,,,,,,,,,,,,,
,,,,,,,,,,,,,,,
,,,,,,,,,,,,,,,
,,,,,,,,,,,,,,,
,,,,,,,,,,,,,,,
,,,,,,,,,,,,,,,
,,,,,,,,,,,,,,,
,,,,,,,,,,,,,,,
,,,,,,,,,,,,,,,
,,,,,,,,,,,,,,,
,,,,,,,,,,,,,,,
,,,,,,,,,,,,,,,
,,,,,,,,,,,,,,,
,,,,,,,,,,,,,,,
,,,,,,,,,,,,,,,
,,,,,,,,,,,,,,,
,,,,,,,,,,,,,,,
,,,,,,,,,,,,,,,
,,,,,,,,,,,,,,,
,,,,,,,,,,,,,,,
,,,,,,,,,,,,,,,
,,,,,,,,,,,,,,,
,,,,,,,,,,,,,,,
,,,,,,,,,,,,,,,
,,,,,,,,,,,,,,,
,,,,,,,,,,,,,,,
,,,,,,,,,,,,,,,
,,,,,,,,,,,,,,,
,,,,,,,,,,,,,,,
,,,,,,,,,,,,,,,
,,,,,,,,,,,,,,,
,,,,,,,,,,,,,,,
,,,,,,,,,,,,,,,
,,,,,,,,,,,,,,,
,,,,,,,,,,,,,,,
,,,,,,,,,,,,,,,
,,,,,,,,,,,,,,,
,,,,,,,,,,,,,,,
,,,,,,,,,,,,,,,
,,,,,,,,,,,,,,,
,,,,,,,,,,,,,,,
,,,,,,,,,,,,,,,
,,,,,,,,,,,,,,,
,,,,,,,,,,,,,,,
,,,,,,,,,,,,,,,
,,,,,,,,,,,,,,,
,,,,,,,,,,,,,,,
,,,,,,,,,,,,,,,
,,,,,,,,,,,,,,,
,,,,,,,,,,,,,,,
,,,,,,,,,,,,,,,
,,,,,,,,,,,,,,,
,,,,,,,,,,,,,,,
,,,,,,,,,,,,,,,
,,,,,,,,,,,,,,,
,,,,,,,,,,,,,,,
,,,,,,,,,,,,,,,
,,,,,,,,,,,,,,,
,,,,,,,,,,,,,,,
,,,,,,,,,,,,,,,
